{
  "project_info": {
    "project_number": "1031866263221",
    "project_id": "mm-matrimony",
    "storage_bucket": "mm-matrimony.firebasestorage.app"
  },
  "client": [
    {
      "client_info": {
        "mobilesdk_app_id": "1:1031866263221:android:8ab86bbba8f229600800fc",
        "android_client_info": {
          "package_name": "com.liten.mmmatrimony"
        }
      },
      "oauth_client": [],
      "api_key": [
        {
          "current_key": "AIzaSyDUp9ctoXndBG0ht36UMykWsnjFzdOHlFc"
        }
      ],
      "services": {
        "appinvite_service": {
          "other_platform_oauth_client": []
        }
      }
    }
  ],
  "configuration_version": "1"
}